Insurance,Predicted_Rating
4,1.6600609713398284
7,1.5224509643834019
