Insurance,Predicted_Rating
6,1.5335234012179852
7,1.1860547801267487
