Insurance,Predicted_Rating
4,1.525631230437149
6,1.283509261778267
