Insurance,Predicted_Rating
4,1.5057645961635056
7,1.2681602293979726
