Insurance,Predicted_Rating
4,1.469939790772155
6,1.2414459372147042
